{
  "1.3 - GET - /api/v1/books/filters?title=&category=" : {
    "transaction" : "1.3 - GET - /api/v1/books/filters?title=&category=",
    "sampleCount" : 494,
    "errorCount" : 0,
    "errorPct" : 0.0,
    "meanResTime" : 2720.9089068825915,
    "medianResTime" : 2419.0,
    "minResTime" : 774.0,
    "maxResTime" : 44076.0,
    "pct1ResTime" : 3764.5,
    "pct2ResTime" : 3962.0,
    "pct3ResTime" : 4635.450000000001,
    "throughput" : 0.5481069230120583,
    "receivedKBytesPerSec" : 210.11919262546544,
    "sentKBytesPerSec" : 0.09581165939370942
  },
  "Total" : {
    "transaction" : "Total",
    "sampleCount" : 4400,
    "errorCount" : 0,
    "errorPct" : 0.0,
    "meanResTime" : 1925.1268181818184,
    "medianResTime" : 2057.0,
    "minResTime" : 583.0,
    "maxResTime" : 44076.0,
    "pct1ResTime" : 3143.8,
    "pct2ResTime" : 3544.0,
    "pct3ResTime" : 4143.919999999998,
    "throughput" : 4.874125703701899,
    "receivedKBytesPerSec" : 478.026307392484,
    "sentKBytesPerSec" : 0.8150746322804483
  },
  "1.4 - GET - /api/v1/health/" : {
    "transaction" : "1.4 - GET - /api/v1/health/",
    "sampleCount" : 489,
    "errorCount" : 0,
    "errorPct" : 0.0,
    "meanResTime" : 1682.6400817995927,
    "medianResTime" : 2016.0,
    "minResTime" : 585.0,
    "maxResTime" : 3976.0,
    "pct1ResTime" : 2477.0,
    "pct2ResTime" : 2685.0,
    "pct3ResTime" : 3057.2000000000053,
    "throughput" : 0.5454472444317533,
    "receivedKBytesPerSec" : 0.20241206336334597,
    "sentKBytesPerSec" : 0.08309547864389992
  },
  "2.1 - GET - /api/v1/stats/overview" : {
    "transaction" : "2.1 - GET - /api/v1/stats/overview",
    "sampleCount" : 487,
    "errorCount" : 0,
    "errorPct" : 0.0,
    "meanResTime" : 1874.8357289527714,
    "medianResTime" : 2214.0,
    "minResTime" : 774.0,
    "maxResTime" : 3658.0,
    "pct1ResTime" : 2658.8,
    "pct2ResTime" : 2776.6,
    "pct3ResTime" : 3208.12,
    "throughput" : 0.5434612792208082,
    "receivedKBytesPerSec" : 0.33435606045811445,
    "sentKBytesPerSec" : 0.0865079965947185
  },
  "1.5 - GET - /api/v1/books" : {
    "transaction" : "1.5 - GET - /api/v1/books",
    "sampleCount" : 488,
    "errorCount" : 0,
    "errorPct" : 0.0,
    "meanResTime" : 2867.4815573770497,
    "medianResTime" : 2969.5,
    "minResTime" : 1040.0,
    "maxResTime" : 7036.0,
    "pct1ResTime" : 3991.1,
    "pct2ResTime" : 4264.749999999999,
    "pct3ResTime" : 4745.670000000001,
    "throughput" : 0.5436399143098726,
    "receivedKBytesPerSec" : 220.8966091643987,
    "sentKBytesPerSec" : 0.08175834648800817
  },
  "2.4 - GET - /api/v1/books/price-range?min_price=0&max_price=20" : {
    "transaction" : "2.4 - GET - /api/v1/books/price-range?min_price=0&max_price=20",
    "sampleCount" : 484,
    "errorCount" : 0,
    "errorPct" : 0.0,
    "meanResTime" : 1941.861570247933,
    "medianResTime" : 1706.5,
    "minResTime" : 610.0,
    "maxResTime" : 4035.0,
    "pct1ResTime" : 2907.5,
    "pct2ResTime" : 3132.0,
    "pct3ResTime" : 3411.499999999999,
    "throughput" : 0.5448161977007406,
    "receivedKBytesPerSec" : 43.25714259557922,
    "sentKBytesPerSec" : 0.10162099000082173
  },
  "1.1 - GET - /api/v1/books/categories" : {
    "transaction" : "1.1 - GET - /api/v1/books/categories",
    "sampleCount" : 494,
    "errorCount" : 0,
    "errorPct" : 0.0,
    "meanResTime" : 1664.4817813765192,
    "medianResTime" : 2003.5,
    "minResTime" : 586.0,
    "maxResTime" : 3477.0,
    "pct1ResTime" : 2335.0,
    "pct2ResTime" : 2513.75,
    "pct3ResTime" : 2850.05,
    "throughput" : 0.5501897820624766,
    "receivedKBytesPerSec" : 0.5329963513730243,
    "sentKBytesPerSec" : 0.08865362699248891
  },
  "1.2 - GET - /api/v1/books/id/{id}" : {
    "transaction" : "1.2 - GET - /api/v1/books/id/{id}",
    "sampleCount" : 494,
    "errorCount" : 0,
    "errorPct" : 0.0,
    "meanResTime" : 1476.2348178137668,
    "medianResTime" : 1200.0,
    "minResTime" : 583.0,
    "maxResTime" : 3295.0,
    "pct1ResTime" : 2322.5,
    "pct2ResTime" : 2487.5,
    "pct3ResTime" : 2840.5500000000006,
    "throughput" : 0.5496039847401452,
    "receivedKBytesPerSec" : 0.3289175416013502,
    "sentKBytesPerSec" : 0.10412419242147283
  },
  "2.2 - GET - /api/v1/stats/categories" : {
    "transaction" : "2.2 - GET - /api/v1/stats/categories",
    "sampleCount" : 485,
    "errorCount" : 0,
    "errorPct" : 0.0,
    "meanResTime" : 1559.7896907216495,
    "medianResTime" : 1955.0,
    "minResTime" : 583.0,
    "maxResTime" : 2997.0,
    "pct1ResTime" : 2331.8,
    "pct2ResTime" : 2525.0,
    "pct3ResTime" : 2848.1399999999994,
    "throughput" : 0.5434143226088368,
    "receivedKBytesPerSec" : 2.2521976417499063,
    "sentKBytesPerSec" : 0.08756187815474423
  },
  "2.3 - GET - /api/v1/books/best-rated?limit=10" : {
    "transaction" : "2.3 - GET - /api/v1/books/best-rated?limit=10",
    "sampleCount" : 485,
    "errorCount" : 0,
    "errorPct" : 0.0,
    "meanResTime" : 1532.7195876288647,
    "medianResTime" : 1522.0,
    "minResTime" : 585.0,
    "maxResTime" : 3383.0,
    "pct1ResTime" : 2337.8,
    "pct2ResTime" : 2478.1,
    "pct3ResTime" : 2896.9999999999986,
    "throughput" : 0.54331266131345,
    "receivedKBytesPerSec" : 2.4279284552444795,
    "sentKBytesPerSec" : 0.09232070612162138
  }
}